iter	MAE
0	89125.59154
1	69932.93377
2	57480.03163
3	48848.75824
4	43379.42695
5	39874.16497
6	37593.08632
7	36094.10544
8	35219.86347
9	34653.33424
10	34167.65231
11	33786.40129
12	33406.96001
13	33147.4263
14	32905.09973
15	32731.6141
16	32494.49385
17	32338.22928
18	32205.41893
19	32063.15028
20	31855.57356
21	31659.93891
22	31554.25269
23	31452.87616
24	31272.52099
25	31116.58625
